"","X","cod","Escola","Turma","Serie","Nivel","Sexo","Idade","Cor.Raca","Zona","Necessidade.Deficiencia","id","Stari.Grupo","WG.Grupo","vocab.pre","vocab.pos","score.tde.pre","score.tde.pos","TFL.lidas.per.min.pre","TFL.erradas.per.min.pre","TFL.omitidas.per.min.pre","TFL.corretas.per.min.pre","TFL.lidas.pre","TFL.erradas.pre","TFL.omitidas.pre","TFL.corretas.pre","leitura.compreensao.pre","TFL.lidas.per.min.pos","TFL.erradas.per.min.pos","TFL.omitidas.per.min.pos","TFL.corretas.per.min.pos","TFL.lidas.pos","TFL.erradas.pos","TFL.omitidas.pos","TFL.corretas.pos","leitura.compreensao.pos","dfs.media.read","fss.media.read","dfs.media.math","fss.media.math","dfs.media.text","fss.media.text","dfs.media.debat","fss.media.debat","gain.vocab","gain.score.tde","gain.TFL.lidas.per.min","gain.TFL.corretas.per.min","gain.TFL.lidas","gain.TFL.corretas","gain.leitura.compreensao","gain.flow.read","gain.flow.math","gain.flow.text","gain.flow.debat","vocab.quintile","score.tde.quintile","TFL.lidas.per.min.quintile","TFL.erradas.per.min.quintile","TFL.omitidas.per.min.quintile","TFL.corretas.per.min.quintile","TFL.lidas.quintile","TFL.erradas.quintile","TFL.omitidas.quintile","TFL.corretas.quintile","leitura.compreensao.quintile"
"0134270d774eb2b54773df7b36458566",1,"0134270d774eb2b54773df7b36458566","EMEF PADRE JOSE DOS SANTOS MOUSINHO","8 A","8 ano","anos finais","M",13,"Parda","Rural",NA,"P3606","Experimental",NA,19,30,39,NA,54,3,1,51,452,17,2,435,8,75,2,1,73,452,8,1,444,4,3.44444444444445,3.55555555555555,3.44444444444445,3.55555555555555,3.11111111111111,3.44444444444445,3.11111111111111,3.55555555555555,11,NA,21,22,0,9,-4,0.111111111111111,0.111111111111111,0.333333333333333,0.444444444444444,"2nd quintile","3rd quintile","1st quintile","4th quintile","5th quintile","1st quintile","3rd quintile","5th quintile","4th quintile","1st quintile","5th quintile"
"0207faedeb5e28f4e1f2b55915aa6b99",2,"0207faedeb5e28f4e1f2b55915aa6b99","EMEB PADRE ANCHIETA","8 ANO A","8 ano","anos finais","M",14,"Parda","Rural",NA,"P1010","Controle",NA,16,15,21,23,68,2,0,86,452,7,0,445,7,70,2,0,68,452,4,0,448,4,2.77777777777778,2.55555555555555,2.88888888888889,2.44444444444445,3,3.11111111111111,4.66666666666667,3,-1,2,2,-18,0,3,-3,-0.222222222222222,-0.444444444444444,0.111111111111111,-1.66666666666667,"1st quintile","2nd quintile","2nd quintile","3rd quintile","3rd quintile","3rd quintile","3rd quintile","4th quintile","3rd quintile","2nd quintile","5th quintile"
"0422fb607db46d636b3d19a43bdbaf70",3,"0422fb607db46d636b3d19a43bdbaf70","EMEB PADRE ANCHIETA","6 ANO A","6 ano","anos finais","M",11,"Parda","Rural",NA,"P829","Experimental",NA,27,35,21,26,82,2,0,80,452,2,0,450,8,95,1,0,94,452,1,0,451,8,4.11111111111111,3.77777777777778,4,3.22222222222222,4.44444444444444,3.77777777777778,4.44444444444444,3.66666666666667,8,5,13,14,0,1,0,-0.333333333333333,-0.777777777777778,-0.666666666666667,-0.777777777777778,"3rd quintile","2nd quintile","2nd quintile","3rd quintile","3rd quintile","2nd quintile","3rd quintile","2nd quintile","3rd quintile","4th quintile","5th quintile"
"057b2266381d7acd0cea8c15006bc8f9",4,"057b2266381d7acd0cea8c15006bc8f9","EMEB PROFESSOR RICARDO VIEIRA DE LIMA","9 ANO C","9 ano","anos finais","M",15,NA,"Rural",NA,"P2378","Controle",NA,21,30,25,21,54,1,NA,53,NA,NA,NA,NA,6,149,1,NA,148,452,1,NA,451,5,3.22222222222222,2.77777777777778,3.22222222222222,3.22222222222222,2.77777777777778,2.55555555555555,3.22222222222222,3.55555555555555,9,-4,95,95,NA,NA,-1,-0.444444444444445,0,-0.222222222222222,0.333333333333333,"2nd quintile","2nd quintile","1st quintile","3rd quintile",NA,"1st quintile",NA,NA,NA,NA,"4th quintile"
"08222ace92af4946cf0c9f4c2ef076f2",5,"08222ace92af4946cf0c9f4c2ef076f2","EMEF PADRE JOSE DOS SANTOS MOUSINHO","8 A","8 ano","anos finais","M",16,"Parda","Rural",NA,"P3609","Controle",NA,17,22,34,NA,95,3,19,92,452,11,19,441,5,81,0,0,81,452,0,0,452,7,2.88888888888889,3.55555555555555,2.33333333333333,3.66666666666667,2.55555555555555,3.66666666666667,2.22222222222222,3.66666666666667,5,NA,-14,-11,0,11,2,0.666666666666667,1.33333333333333,1.11111111111111,1.44444444444444,"2nd quintile","3rd quintile","3rd quintile","4th quintile","5th quintile","3rd quintile","3rd quintile","5th quintile","5th quintile","2nd quintile","3rd quintile"
"098c6820d949b04e87e813749f45150f",7,"098c6820d949b04e87e813749f45150f","EMEB NATANAEL DA SILVA","9 ANO B","9 ano","anos finais","M",15,"Branca","Rural",NA,"P613","Experimental",NA,23,32,46,50,95,0,0,95,452,1,0,451,4,110,0,1,109,452,0,1,451,9,3.77777777777778,3,3.66666666666667,3.22222222222222,3.33333333333333,2.88888888888889,3.44444444444445,3.11111111111111,9,4,15,14,0,0,5,-0.777777777777778,-0.444444444444444,-0.444444444444445,-0.333333333333333,"3rd quintile","4th quintile","3rd quintile","2nd quintile","3rd quintile","4th quintile","3rd quintile","1st quintile","3rd quintile","5th quintile","3rd quintile"
"0b97f26a25a26031e27aed3c6ef1eb43",8,"0b97f26a25a26031e27aed3c6ef1eb43","EMEB NATANAEL DA SILVA","6 ANO A","6 ano","anos finais","M",12,"Parda","Rural",NA,"P451","Experimental",NA,17,15,25,17,96,1,0,95,452,3,0,449,5,106,0,0,106,452,4,0,448,7,4,3.33333333333333,3,3.33333333333333,2.77777777777778,3.33333333333333,3.33333333333333,3.11111111111111,-2,-8,10,11,0,-1,2,-0.666666666666667,0.333333333333333,0.555555555555556,-0.222222222222222,"2nd quintile","2nd quintile","4th quintile","3rd quintile","3rd quintile","4th quintile","3rd quintile","3rd quintile","3rd quintile","3rd quintile","3rd quintile"
"0c3a3e800e7a58152fcb90f911ea8ada",9,"0c3a3e800e7a58152fcb90f911ea8ada","EMEB PROFESSOR RICARDO VIEIRA DE LIMA","6 ANO D","6 ano","anos finais","F",11,NA,"Rural",NA,"P1711","Controle",NA,12,21,20,18,40,1,NA,39,NA,NA,NA,NA,6,105,1,NA,104,452,1,NA,452,4,2.33333333333333,3.11111111111111,2.77777777777778,3.22222222222222,NA,3,2.77777777777778,3,9,-2,65,65,NA,NA,-2,0.777777777777778,0.444444444444445,NA,0.222222222222222,"1st quintile","2nd quintile","1st quintile","3rd quintile",NA,"1st quintile",NA,NA,NA,NA,"4th quintile"
"0c40b69430a73a5eff9503c29979e3d0",10,"0c40b69430a73a5eff9503c29979e3d0","EMEB PROFESSORA MARIA QUEIROZ FERRO","7 ANO D","7 ano","anos finais","F",13,"Parda",NA,NA,"P3031","Controle",NA,12,23,29,12,82,2,NA,80,NA,NA,NA,NA,1,NA,NA,NA,NA,NA,NA,NA,NA,0,3.55555555555555,2.77777777777778,3.55555555555555,3,3.66666666666667,2.55555555555555,3.55555555555555,2.66666666666667,11,-17,NA,NA,NA,NA,-1,-0.777777777777778,-0.555555555555555,-1.11111111111111,-0.888888888888889,"1st quintile","2nd quintile","2nd quintile","3rd quintile",NA,"2nd quintile",NA,NA,NA,NA,"1st quintile"
"1091732ec104143562df0b06cc991bd9",11,"1091732ec104143562df0b06cc991bd9","EMEB NATANAEL DA SILVA","9 ANO B","9 ano","anos finais","M",17,"Parda","Rural",NA,"P628","Controle",NA,31,32,42,50,130,0,0,130,452,0,0,452,2,117,1,2,114,452,2,2,448,5,3.44444444444445,NA,3.66666666666667,NA,3.77777777777778,NA,4,NA,1,8,-13,-16,0,-4,3,NA,NA,NA,NA,"4th quintile","3rd quintile","5th quintile","2nd quintile","3rd quintile","5th quintile","3rd quintile","1st quintile","3rd quintile","5th quintile","1st quintile"
"139780f23078df1e031882605a0111f9",13,"139780f23078df1e031882605a0111f9","EMEB PROFESSOR RICARDO VIEIRA DE LIMA","8 ANO E","8 ano","anos finais","F",14,NA,NA,NA,"P2249","Controle",NA,24,17,30,11,81,3,NA,78,NA,NA,NA,NA,4,126,NA,NA,126,NA,NA,NA,NA,5,3.11111111111111,4,3.11111111111111,3.5,3.33333333333333,3.88888888888889,3.44444444444445,NA,-7,-19,45,48,NA,NA,1,0.888888888888889,0.388888888888889,0.555555555555555,NA,"3rd quintile","2nd quintile","2nd quintile","4th quintile",NA,"2nd quintile",NA,NA,NA,NA,"3rd quintile"
"144332fa9db981c37ae66e845457a7ac",14,"144332fa9db981c37ae66e845457a7ac","EMEF PADRE JOSE DOS SANTOS MOUSINHO","6 B","6 ano","anos finais","F",11,"Branca","Rural",NA,"P3512","Controle",NA,27,27,31,31,92,0,0,92,452,5,0,447,5,96,2,0,94,452,4,0,448,6,3.33333333333333,3.44444444444445,3.33333333333333,3.55555555555555,3.55555555555555,4,3.66666666666667,3.66666666666667,0,0,4,2,0,1,1,0.111111111111111,0.222222222222222,0.444444444444445,0,"3rd quintile","2nd quintile","3rd quintile","2nd quintile","3rd quintile","3rd quintile","3rd quintile","3rd quintile","3rd quintile","3rd quintile","3rd quintile"
"1710f5422c30fd428c8f8cf63c5a96ca",15,"1710f5422c30fd428c8f8cf63c5a96ca","EMEB PADRE ANCHIETA","7 ANO B","7 ano","anos finais","F",12,"Parda","Rural",NA,"P936","Controle",NA,25,23,40,NA,77,2,0,75,452,4,0,448,3,96,0,0,96,452,2,0,450,6,4,3.77777777777778,4.11111111111111,4,4.33333333333333,4.22222222222222,4.11111111111111,4.11111111111111,-2,NA,19,21,0,2,3,-0.222222222222222,-0.111111111111111,-0.111111111111111,0,"3rd quintile","3rd quintile","2nd quintile","3rd quintile","3rd quintile","2nd quintile","3rd quintile","3rd quintile","3rd quintile","3rd quintile","2nd quintile"
"1748fccf938673fdeda996807d7561a8",16,"1748fccf938673fdeda996807d7561a8","EMEB PROFESSOR RICARDO VIEIRA DE LIMA","8 ANO E","8 ano","anos finais","M",14,NA,NA,NA,"P2222","Experimental",NA,13,15,25,26,95,3,NA,92,NA,NA,NA,NA,2,135,NA,NA,135,452,NA,NA,452,5,3.77777777777778,3,2.66666666666667,2.88888888888889,3.33333333333333,2.55555555555555,3.22222222222222,2.875,2,1,40,43,NA,NA,3,-0.777777777777778,0.222222222222222,-0.777777777777778,-0.347222222222222,"1st quintile","2nd quintile","3rd quintile","4th quintile",NA,"3rd quintile",NA,NA,NA,NA,"1st quintile"
"176d2fd884b06caea2ef1d7e6bebf444",17,"176d2fd884b06caea2ef1d7e6bebf444","EMEB PADRE ANCHIETA","6 ANO A","6 ano","anos finais","F",11,"Parda","Rural",NA,"P808","Experimental",NA,26,28,40,40,117,1,0,116,452,2,0,450,5,99,0,0,99,452,3,0,449,6,4,NA,3.66666666666667,NA,4,NA,3.88888888888889,NA,2,0,-18,-17,0,-1,1,NA,NA,NA,NA,"3rd quintile","3rd quintile","5th quintile","3rd quintile","3rd quintile","5th quintile","3rd quintile","2nd quintile","3rd quintile","4th quintile","3rd quintile"
"17cd24d0592a865f007c14967a7e4154",18,"17cd24d0592a865f007c14967a7e4154","EMEB PROFESSOR RICARDO VIEIRA DE LIMA","6 ANO D","6 ano","anos finais","F",13,"Branca","Urbana",NA,"P1713","Experimental",NA,24,26,38,36,96,NA,NA,96,NA,NA,NA,NA,6,151,1,NA,150,452,1,NA,451,5,NA,NA,NA,NA,NA,NA,NA,NA,2,-2,55,54,NA,NA,-1,NA,NA,NA,NA,"3rd quintile","3rd quintile","4th quintile",NA,NA,"4th quintile",NA,NA,NA,NA,"4th quintile"
"18b567847916eb5a722f8343eb64e306",19,"18b567847916eb5a722f8343eb64e306","EMEB PROFESSORA MARIA QUEIROZ FERRO","8 ANO B","8 ano","anos finais","F",13,"Parda","Rural",NA,"P3183","Experimental",NA,11,17,20,16,88,3,NA,85,NA,NA,NA,NA,3,NA,NA,NA,NA,NA,NA,NA,NA,0,2.44444444444445,3.22222222222222,2.77777777777778,3.55555555555555,2.44444444444445,3,2.44444444444445,3,6,-4,NA,NA,NA,NA,-3,0.777777777777778,0.777777777777778,0.555555555555555,0.555555555555555,"1st quintile","2nd quintile","3rd quintile","4th quintile",NA,"3rd quintile",NA,NA,NA,NA,"2nd quintile"
"1936098dee8d3025e9ae30fcb1bd2feb",20,"1936098dee8d3025e9ae30fcb1bd2feb","EMEB PROFESSOR RICARDO VIEIRA DE LIMA","8 ANO E","8 ano","anos finais","M",14,NA,"Rural",NA,"P2220","Controle",NA,33,16,21,25,55,NA,NA,55,NA,NA,NA,NA,3,136,1,NA,135,452,1,NA,451,2,3.55555555555555,NA,3.55555555555555,NA,4,NA,4,NA,-17,4,81,80,NA,NA,-1,NA,NA,NA,NA,"4th quintile","2nd quintile","1st quintile",NA,NA,"1st quintile",NA,NA,NA,NA,"2nd quintile"
"19e686750b611e998f9a40c96d8468e9",21,"19e686750b611e998f9a40c96d8468e9","EMEB NATANAEL DA SILVA","7 ANO A","7 ano","anos finais","F",13,"Indígena","Rural",NA,"P521","Experimental",NA,22,18,26,22,98,0,0,98,452,4,0,448,5,102,0,0,102,452,0,0,452,8,3.55555555555555,4.125,3.11111111111111,4.22222222222222,3.22222222222222,3.375,3.66666666666667,3.55555555555555,-4,-4,4,4,0,4,3,0.569444444444445,1.11111111111111,0.152777777777778,-0.111111111111111,"2nd quintile","2nd quintile","4th quintile","2nd quintile","3rd quintile","4th quintile","3rd quintile","3rd quintile","3rd quintile","3rd quintile","3rd quintile"
"1abe07c33ad2b6284a95f17c83c550b3",22,"1abe07c33ad2b6284a95f17c83c550b3","EMEB NATANAEL DA SILVA","6 ANO A","6 ano","anos finais","M",11,"Branca","Rural",NA,"P465","Controle",NA,16,17,20,NA,90,6,1,83,452,6,1,445,1,87,1,3,83,452,1,3,448,2,3.22222222222222,3.77777777777778,3.44444444444445,3.77777777777778,3.22222222222222,3.66666666666667,3.44444444444445,3.88888888888889,1,NA,-3,0,0,3,1,0.555555555555555,0.333333333333333,0.444444444444444,0.444444444444444,"1st quintile","2nd quintile","3rd quintile","5th quintile","5th quintile","2nd quintile","3rd quintile","4th quintile","4th quintile","2nd quintile","1st quintile"
"1bae10624455a0b23b5be9a7b93be904",23,"1bae10624455a0b23b5be9a7b93be904","EMEB PROFESSOR RICARDO VIEIRA DE LIMA","9 ANO C","9 ano","anos finais","F",14,NA,NA,NA,"P2383","Controle",NA,36,27,36,42,102,NA,NA,102,NA,NA,NA,NA,3,147,NA,NA,147,452,NA,NA,452,7,3,3.66666666666667,3.66666666666667,3.33333333333333,4,4,4,3.66666666666667,-9,6,45,45,NA,NA,4,0.666666666666667,-0.333333333333333,0,-0.333333333333333,"5th quintile","3rd quintile","4th quintile",NA,NA,"4th quintile",NA,NA,NA,NA,"2nd quintile"
"1cc2796138618d1ea4456dfe3eabc253",24,"1cc2796138618d1ea4456dfe3eabc253","EMEB NATANAEL DA SILVA","9 ANO B","9 ano","anos finais","M",15,"Parda","Rural",NA,"P623","Controle",NA,19,25,17,24,54,0,9,45,NA,NA,NA,NA,0,106,1,0,115,452,1,0,451,6,2.44444444444445,3.55555555555555,3.11111111111111,3.55555555555555,3,3,2.44444444444445,3.55555555555555,6,7,52,70,NA,NA,6,1.11111111111111,0.444444444444444,0,1.11111111111111,"2nd quintile","1st quintile","1st quintile","2nd quintile","5th quintile","1st quintile",NA,NA,NA,NA,"1st quintile"
"1d89c9d1647e0f2aa0c6aade2dc27d53",25,"1d89c9d1647e0f2aa0c6aade2dc27d53","EMEF PADRE JOSE DOS SANTOS MOUSINHO","7 B","7 ano","anos finais","M",15,"Parda","Rural",NA,"P3555","Experimental",NA,13,11,23,31,68,4,0,64,452,18,1,434,1,NA,NA,NA,NA,NA,NA,NA,NA,0,NA,3.33333333333333,NA,3.125,NA,3.125,NA,2.77777777777778,-2,8,NA,NA,NA,NA,-1,NA,NA,NA,NA,"1st quintile","2nd quintile","2nd quintile","5th quintile","3rd quintile","1st quintile","3rd quintile","5th quintile","4th quintile","1st quintile","1st quintile"
"1eceeaf6f57801127cf13a8256409321",26,"1eceeaf6f57801127cf13a8256409321","EMEB PROFESSOR RICARDO VIEIRA DE LIMA","9 ANO C","9 ano","anos finais","F",15,NA,NA,NA,"P2376","Controle",NA,28,26,34,29,92,NA,NA,92,NA,NA,NA,NA,8,139,1,NA,138,452,1,NA,451,7,3,3.66666666666667,2.66666666666667,3,3.22222222222222,3.55555555555555,4,3.77777777777778,-2,-5,47,46,NA,NA,-1,0.666666666666667,0.333333333333333,0.333333333333333,-0.222222222222222,"3rd quintile","3rd quintile","3rd quintile",NA,NA,"3rd quintile",NA,NA,NA,NA,"5th quintile"
"23c47dcaaf5810fc217967452e3a44e8",29,"23c47dcaaf5810fc217967452e3a44e8","EMEB PADRE ANCHIETA","9 ANO A","9 ano","anos finais","M",15,"Parda",NA,NA,"P1094","Controle",NA,29,24,23,12,104,0,0,104,452,2,0,450,5,99,1,0,NA,452,1,0,451,4,3.66666666666667,3.11111111111111,3,3.33333333333333,3.55555555555555,4.22222222222222,3.22222222222222,3.11111111111111,-5,-11,-5,NA,0,1,-1,-0.555555555555555,0.333333333333333,0.666666666666667,-0.111111111111111,"3rd quintile","2nd quintile","4th quintile","2nd quintile","3rd quintile","4th quintile","3rd quintile","2nd quintile","3rd quintile","4th quintile","3rd quintile"
"23d2ff02e2fec7c59d0cb0095f4b87ba",30,"23d2ff02e2fec7c59d0cb0095f4b87ba","EMEB PROFESSOR RICARDO VIEIRA DE LIMA","6 ANO D","6 ano","anos finais","M",12,NA,"Rural",NA,"P1716","Experimental",NA,24,26,23,11,68,NA,NA,68,NA,NA,NA,NA,8,80,1,NA,79,NA,NA,NA,NA,3,4.11111111111111,4.66666666666667,4.33333333333333,4.33333333333333,4.22222222222222,4.66666666666667,4.44444444444444,3.88888888888889,2,-12,12,11,NA,NA,-5,0.555555555555556,0,0.444444444444445,-0.555555555555556,"3rd quintile","2nd quintile","2nd quintile",NA,NA,"2nd quintile",NA,NA,NA,NA,"5th quintile"
"2613538b4f0bd88d72ac1a974cb6f687",31,"2613538b4f0bd88d72ac1a974cb6f687","EMEB PROFESSOR RICARDO VIEIRA DE LIMA","6 ANO E","6 ano","anos finais","F",12,NA,"Rural",NA,"P1743","Experimental",NA,30,28,37,26,60,NA,NA,60,NA,NA,NA,NA,8,150,NA,NA,150,452,NA,NA,452,3,4.33333333333333,4,4.55555555555556,4.55555555555556,4.33333333333333,4.55555555555556,3.88888888888889,4.11111111111111,-2,-11,90,90,NA,NA,-5,-0.333333333333333,0,0.222222222222222,0.222222222222222,"4th quintile","3rd quintile","1st quintile",NA,NA,"1st quintile",NA,NA,NA,NA,"5th quintile"
"2a5279e2746b88e94b0e90205f1cf132",32,"2a5279e2746b88e94b0e90205f1cf132","EMEF PADRE JOSE DOS SANTOS MOUSINHO","7 B","7 ano","anos finais","F",13,"Indígena","Rural",NA,"P3577","Experimental",NA,33,28,21,28,97,4,0,93,452,8,2,444,6,118,2,1,116,452,4,2,448,8,3.44444444444445,2.44444444444445,2.66666666666667,2.55555555555555,3.77777777777778,3.22222222222222,2.55555555555555,2.88888888888889,-5,7,21,23,0,4,2,-1,-0.111111111111111,-0.555555555555555,0.333333333333333,"4th quintile","2nd quintile","4th quintile","5th quintile","3rd quintile","3rd quintile","3rd quintile","4th quintile","4th quintile","2nd quintile","4th quintile"
"2b55173b9ea857c96ee2f0eda89aa1e1",33,"2b55173b9ea857c96ee2f0eda89aa1e1","EMEB PADRE ANCHIETA","7 ANO B","7 ano","anos finais","M",14,"Preta","Rural",NA,"P943","Controle",NA,19,23,26,40,99,0,0,99,452,3,0,449,6,118,0,0,118,452,3,0,149,5,3.11111111111111,3.44444444444445,2.88888888888889,3.33333333333333,3.22222222222222,4,3.22222222222222,3.44444444444445,4,14,19,19,0,-300,-1,0.333333333333333,0.444444444444445,0.777777777777778,0.222222222222222,"2nd quintile","2nd quintile","4th quintile","2nd quintile","3rd quintile","4th quintile","3rd quintile","3rd quintile","3rd quintile","3rd quintile","4th quintile"
"2bbc3dd0d9585e2771a1571f8cd1098b",34,"2bbc3dd0d9585e2771a1571f8cd1098b","EMEB PADRE ANCHIETA","6 ANO A","6 ano","anos finais","M",11,"Parda","Rural",NA,"P820","Experimental",NA,30,29,29,43,99,1,0,98,452,1,0,450,4,95,1,0,94,452,3,0,448,4,3.75,3.11111111111111,3.66666666666667,3.22222222222222,3.88888888888889,3.22222222222222,3.88888888888889,3.11111111111111,-1,14,-4,-4,0,-2,0,-0.638888888888889,-0.444444444444444,-0.666666666666667,-0.777777777777778,"4th quintile","2nd quintile","4th quintile","3rd quintile","3rd quintile","4th quintile","3rd quintile","1st quintile","3rd quintile","4th quintile","3rd quintile"
"2eeae104a8febee4b9c88875336c33e4",36,"2eeae104a8febee4b9c88875336c33e4","EMEB PROFESSORA MARIA QUEIROZ FERRO","7 ANO F","7 ano","anos finais","M",14,"Parda",NA,NA,"P3098","Controle",NA,14,20,30,24,NA,NA,NA,NA,NA,NA,NA,NA,0,NA,NA,NA,NA,NA,NA,NA,NA,0,3.77777777777778,3.88888888888889,4.22222222222222,3.88888888888889,4.22222222222222,4,4.22222222222222,4.33333333333333,6,-6,NA,NA,NA,NA,0,0.111111111111111,-0.333333333333333,-0.222222222222222,0.111111111111111,"1st quintile","2nd quintile",NA,NA,NA,NA,NA,NA,NA,NA,"1st quintile"
"310b40ac59ce8fbbe503c81bb33a4d83",37,"310b40ac59ce8fbbe503c81bb33a4d83","EMEB NATANAEL DA SILVA","6 ANO A","6 ano","anos finais","F",11,"Parda","Rural",NA,"P457","Controle",NA,27,22,37,26,113,0,0,113,452,0,0,452,5,120,1,0,119,452,3,0,449,4,3.55555555555555,3.44444444444445,3.22222222222222,3.44444444444445,3.55555555555555,3.77777777777778,3.11111111111111,3.44444444444445,-5,-11,7,6,0,-3,-1,-0.111111111111111,0.222222222222222,0.222222222222222,0.333333333333333,"3rd quintile","3rd quintile","5th quintile","2nd quintile","3rd quintile","5th quintile","3rd quintile","1st quintile","3rd quintile","5th quintile","3rd quintile"
"326961b2d2b161c78f224018dfad214b",38,"326961b2d2b161c78f224018dfad214b","EMEB PROFESSORA MARIA QUEIROZ FERRO","7 ANO C","7 ano","anos finais","F",13,"Parda","Rural",NA,"P3002","Controle",NA,23,23,40,22,82,6,NA,76,NA,NA,NA,NA,5,NA,NA,NA,NA,NA,NA,NA,NA,0,3.11111111111111,3.22222222222222,3.66666666666667,3.22222222222222,3,2.44444444444445,NA,NA,0,-18,NA,NA,NA,NA,-5,0.111111111111111,-0.444444444444444,-0.555555555555555,NA,"3rd quintile","3rd quintile","2nd quintile","5th quintile",NA,"2nd quintile",NA,NA,NA,NA,"3rd quintile"
"33a7bf69cafbc3e71760d350d7f0d02d",39,"33a7bf69cafbc3e71760d350d7f0d02d","EMEF PADRE JOSE DOS SANTOS MOUSINHO","6 B","6 ano","anos finais","M",11,"Parda","Rural",NA,"P3509","Experimental",NA,9,15,37,21,88,3,0,85,452,10,0,442,4,105,1,1,104,452,2,2,450,8,3.75,NA,2.77777777777778,NA,3.11111111111111,NA,2.77777777777778,NA,6,-16,17,19,0,8,4,NA,NA,NA,NA,"1st quintile","3rd quintile","3rd quintile","4th quintile","3rd quintile","3rd quintile","3rd quintile","4th quintile","3rd quintile","2nd quintile","3rd quintile"
"39012449c60b0f9708402ab4512f38eb",40,"39012449c60b0f9708402ab4512f38eb","EMEB NATANAEL DA SILVA","7 ANO A","7 ano","anos finais","M",12,"Branca","Rural",NA,"P515","Experimental",NA,16,31,37,NA,117,0,0,117,452,0,0,452,5,121,0,0,121,452,0,0,452,8,4,4.22222222222222,3.33333333333333,3.44444444444445,3.88888888888889,3.88888888888889,3.55555555555555,3.88888888888889,15,NA,4,4,0,0,3,0.222222222222222,0.111111111111111,0,0.333333333333333,"1st quintile","3rd quintile","5th quintile","2nd quintile","3rd quintile","5th quintile","3rd quintile","1st quintile","3rd quintile","5th quintile","3rd quintile"
"3f449f126f878b1a3754207198a0835e",42,"3f449f126f878b1a3754207198a0835e","EMEB PROFESSOR RICARDO VIEIRA DE LIMA","8 ANO E","8 ano","anos finais","M",15,NA,"Urbana",NA,"P2240","Controle",NA,22,16,22,17,99,1,NA,98,NA,NA,NA,NA,3,150,1,NA,149,452,1,NA,451,1,3.33333333333333,3.22222222222222,2.55555555555555,2.66666666666667,3,3,2.88888888888889,3,-6,-5,51,51,NA,NA,-2,-0.111111111111111,0.111111111111111,0,0.111111111111111,"2nd quintile","2nd quintile","4th quintile","3rd quintile",NA,"4th quintile",NA,NA,NA,NA,"2nd quintile"
"49c2ad2098a6ab98922f69c694470218",45,"49c2ad2098a6ab98922f69c694470218","EMEB PROFESSOR RICARDO VIEIRA DE LIMA","6 ANO D","6 ano","anos finais","F",11,NA,"Rural",NA,"P1699","Controle",NA,15,16,30,32,88,1,NA,87,NA,NA,NA,NA,3,135,NA,NA,135,452,NA,NA,452,5,3.11111111111111,NA,3.11111111111111,NA,3.11111111111111,NA,2.88888888888889,NA,1,2,47,48,NA,NA,2,NA,NA,NA,NA,"1st quintile","2nd quintile","3rd quintile","3rd quintile",NA,"3rd quintile",NA,NA,NA,NA,"2nd quintile"
"4ac126e6b06b4a1c05186073fb16c250",46,"4ac126e6b06b4a1c05186073fb16c250","EMEB PROFESSORA MARIA QUEIROZ FERRO","8 ANO B","8 ano","anos finais","F",15,NA,NA,NA,"P3154","Experimental",NA,14,24,37,38,90,NA,NA,90,NA,NA,NA,NA,5,NA,NA,NA,NA,NA,NA,NA,NA,0,4.33333333333333,NA,3.77777777777778,NA,4.22222222222222,NA,4,NA,10,1,NA,NA,NA,NA,-5,NA,NA,NA,NA,"1st quintile","3rd quintile","3rd quintile",NA,NA,"3rd quintile",NA,NA,NA,NA,"3rd quintile"
"4babdf93742289167502db73086e297a",48,"4babdf93742289167502db73086e297a","EMEB PROFESSORA MARIA QUEIROZ FERRO","7 ANO C","7 ano","anos finais","M",12,"Parda","Rural",NA,"P3008","Controle",NA,32,32,28,2,55,4,NA,51,NA,NA,NA,NA,5,NA,NA,NA,NA,NA,NA,NA,NA,0,3.66666666666667,3.44444444444445,3.55555555555555,3.66666666666667,3.33333333333333,2.88888888888889,3.77777777777778,2.88888888888889,0,-26,NA,NA,NA,NA,-5,-0.222222222222222,0.111111111111111,-0.444444444444445,-0.888888888888889,"4th quintile","2nd quintile","1st quintile","5th quintile",NA,"1st quintile",NA,NA,NA,NA,"3rd quintile"
"4e3ee591505d56d9f816578f8a40a951",49,"4e3ee591505d56d9f816578f8a40a951","EMEF PADRE JOSE DOS SANTOS MOUSINHO","6 B","6 ano","anos finais","M",12,"Parda","Rural",NA,"P3501","Controle",NA,13,18,31,23,54,3,0,51,NA,NA,NA,NA,0,68,2,0,66,452,22,1,430,3,3.66666666666667,NA,3.22222222222222,NA,3,NA,3.44444444444445,NA,5,-8,14,15,NA,NA,3,NA,NA,NA,NA,"1st quintile","2nd quintile","1st quintile","4th quintile","3rd quintile","1st quintile",NA,NA,NA,NA,"1st quintile"
"517979957422008e7b19ab359d341544",51,"517979957422008e7b19ab359d341544","EMEB PADRE ANCHIETA","6 ANO A","6 ano","anos finais","M",11,NA,"Rural",NA,"P812","Controle",NA,23,14,33,39,58,3,2,53,452,9,0,441,4,76,1,1,74,451,5,1,446,6,3.55555555555555,3.22222222222222,3.44444444444445,3.22222222222222,3.88888888888889,4,4,4,-9,6,18,21,-1,5,2,-0.333333333333333,-0.222222222222222,0.111111111111111,0,"3rd quintile","3rd quintile","1st quintile","4th quintile","5th quintile","1st quintile","3rd quintile","4th quintile","3rd quintile","2nd quintile","3rd quintile"
"523382929dee91f0fe662bf97f453536",52,"523382929dee91f0fe662bf97f453536","EMEB PROFESSOR RICARDO VIEIRA DE LIMA","6 ANO E","6 ano","anos finais","M",12,NA,"Rural",NA,"P1742","Experimental",NA,17,14,25,19,59,2,NA,57,NA,NA,NA,NA,6,95,1,NA,94,NA,NA,NA,NA,2,3.75,3.66666666666667,3.11111111111111,3.22222222222222,3.11111111111111,3.125,3.22222222222222,3.625,-3,-6,36,37,NA,NA,-4,-0.0833333333333335,0.111111111111111,0.0138888888888888,0.402777777777778,"2nd quintile","2nd quintile","1st quintile","3rd quintile",NA,"1st quintile",NA,NA,NA,NA,"4th quintile"
"53cfa04e9f920096316162f2349ec602",53,"53cfa04e9f920096316162f2349ec602","EMEF PADRE JOSE DOS SANTOS MOUSINHO","7 B","7 ano","anos finais","F",14,NA,NA,NA,"P3558","Controle",NA,20,20,22,21,74,5,0,69,452,22,2,430,1,87,2,1,85,452,7,13,445,4,2.66666666666667,NA,2.88888888888889,NA,3,NA,3.55555555555555,NA,0,-1,13,16,0,15,3,NA,NA,NA,NA,"2nd quintile","2nd quintile","2nd quintile","5th quintile","3rd quintile","2nd quintile","3rd quintile","5th quintile","4th quintile","1st quintile","1st quintile"
"5618e11f80fac9a8d99d15945826d3f2",54,"5618e11f80fac9a8d99d15945826d3f2","EMEB PROFESSOR RICARDO VIEIRA DE LIMA","6 ANO E","6 ano","anos finais","F",11,NA,"Urbana",NA,"P1762","Controle",NA,24,26,39,36,88,NA,NA,88,NA,NA,NA,NA,3,135,NA,NA,135,452,NA,NA,452,5,3.77777777777778,4.55555555555556,3.33333333333333,4.55555555555556,4,4.55555555555556,4,4.44444444444444,2,-3,47,47,NA,NA,2,0.777777777777778,1.22222222222222,0.555555555555555,0.444444444444445,"3rd quintile","3rd quintile","3rd quintile",NA,NA,"3rd quintile",NA,NA,NA,NA,"2nd quintile"
"570d34d5dae02ec5d34a3da110cfb107",55,"570d34d5dae02ec5d34a3da110cfb107","EMEB NATANAEL DA SILVA","7 ANO A","7 ano","anos finais","F",13,"Branca","Rural",NA,"P523","Controle",NA,28,34,38,31,105,1,0,104,452,2,0,450,8,120,0,0,120,452,0,0,452,8,3.33333333333333,3.33333333333333,3.44444444444445,3.22222222222222,2.88888888888889,3.11111111111111,3.55555555555555,3.22222222222222,6,-7,15,16,0,2,0,0,-0.222222222222222,0.222222222222222,-0.333333333333333,"3rd quintile","3rd quintile","4th quintile","3rd quintile","3rd quintile","4th quintile","3rd quintile","2nd quintile","3rd quintile","4th quintile","5th quintile"
"61a6e98d7197ffdef06bd10ac7300293",56,"61a6e98d7197ffdef06bd10ac7300293","EMEB NATANAEL DA SILVA","9 ANO B","9 ano","anos finais","F",14,"Indígena","Rural",NA,"P615","Experimental",NA,29,23,40,42,107,0,0,107,452,1,0,451,3,115,0,0,115,452,0,0,452,8,3.66666666666667,4,3.66666666666667,4.11111111111111,3.66666666666667,4.22222222222222,3.44444444444445,4.44444444444444,-6,2,8,8,0,1,5,0.333333333333333,0.444444444444444,0.555555555555556,1,"3rd quintile","3rd quintile","4th quintile","2nd quintile","3rd quintile","4th quintile","3rd quintile","1st quintile","3rd quintile","5th quintile","2nd quintile"
"61da71907aa4e6118915eebb971e2daa",57,"61da71907aa4e6118915eebb971e2daa","EMEB PROFESSORA MARIA QUEIROZ FERRO","7 ANO C","7 ano","anos finais","M",12,"Parda","Rural",NA,"P3028","Experimental",NA,21,21,22,16,76,2,NA,74,NA,NA,NA,NA,4,NA,NA,NA,NA,NA,NA,NA,NA,0,2.88888888888889,NA,2.44444444444445,NA,2.77777777777778,NA,3.33333333333333,NA,0,-6,NA,NA,NA,NA,-4,NA,NA,NA,NA,"2nd quintile","2nd quintile","2nd quintile","3rd quintile",NA,"2nd quintile",NA,NA,NA,NA,"3rd quintile"
"63adbdc0cf99ca4983fdfb2bd9408149",58,"63adbdc0cf99ca4983fdfb2bd9408149","EMEF PADRE JOSE DOS SANTOS MOUSINHO","6 B","6 ano","anos finais","M",11,"Parda","Rural",NA,"P3502","Controle",NA,17,23,38,36,110,0,1,110,452,3,2,449,7,108,0,0,108,452,2,0,450,6,2.77777777777778,3.66666666666667,4,3.22222222222222,3.88888888888889,3.88888888888889,4,3.77777777777778,6,-2,-2,-2,0,1,-1,0.888888888888889,-0.777777777777778,0,-0.222222222222222,"2nd quintile","3rd quintile","4th quintile","2nd quintile","5th quintile","4th quintile","3rd quintile","3rd quintile","4th quintile","3rd quintile","5th quintile"
"64d0e454ff9f3f0ca5399fae73f54e49",59,"64d0e454ff9f3f0ca5399fae73f54e49","EMEB PROFESSORA MARIA QUEIROZ FERRO","9 ANO A","9 ano","anos finais","M",15,"Parda","Rural",NA,"P3244","Controle",NA,24,25,36,22,57,4,NA,53,NA,NA,NA,NA,2,NA,NA,NA,NA,NA,NA,NA,NA,0,3.44444444444445,3,3.33333333333333,3,3.33333333333333,3.11111111111111,3.44444444444445,3.11111111111111,1,-14,NA,NA,NA,NA,-2,-0.444444444444445,-0.333333333333333,-0.222222222222222,-0.333333333333333,"3rd quintile","3rd quintile","1st quintile","5th quintile",NA,"1st quintile",NA,NA,NA,NA,"1st quintile"
"65ac54f59f3aec4ee21b81d7bbd02013",60,"65ac54f59f3aec4ee21b81d7bbd02013","EMEF PADRE JOSE DOS SANTOS MOUSINHO","7 B","7 ano","anos finais","M",13,"Indígena","Rural",NA,"P3565","Experimental",NA,18,10,24,19,82,4,1,78,452,20,2,432,6,90,2,2,88,452,5,3,447,7,3,NA,3.33333333333333,NA,3,NA,3.55555555555555,NA,-8,-5,8,10,0,15,1,NA,NA,NA,NA,"2nd quintile","2nd quintile","2nd quintile","5th quintile","5th quintile","2nd quintile","3rd quintile","5th quintile","4th quintile","1st quintile","4th quintile"
"665df63014f6768d302c6d4650ca4dc0",61,"665df63014f6768d302c6d4650ca4dc0","EMEB PADRE ANCHIETA","9 ANO A","9 ano","anos finais","M",15,"Parda",NA,NA,"P1097","Controle",NA,13,22,20,28,63,3,1,60,440,13,12,427,4,76,2,0,74,452,7,0,445,5,3.66666666666667,NA,3.66666666666667,NA,3.66666666666667,NA,3.66666666666667,NA,9,8,13,14,12,18,1,NA,NA,NA,NA,"1st quintile","2nd quintile","1st quintile","4th quintile","5th quintile","1st quintile","1st quintile","5th quintile","5th quintile","1st quintile","3rd quintile"
"683dee1417bf1e412641a771f3212d59",62,"683dee1417bf1e412641a771f3212d59","EMEB PADRE ANCHIETA","8 ANO A","8 ano","anos finais","F",13,"Parda",NA,NA,"P1022","Experimental",NA,30,19,28,1,113,1,0,112,452,5,0,447,5,145,1,0,144,452,4,0,448,8,4.33333333333333,NA,4.66666666666667,NA,4.66666666666667,NA,4.66666666666667,NA,-11,-27,32,32,0,1,3,NA,NA,NA,NA,"4th quintile","2nd quintile","5th quintile","3rd quintile","3rd quintile","5th quintile","3rd quintile","3rd quintile","3rd quintile","3rd quintile","3rd quintile"
"7054261d951e23730153bf812fdeb4c8",63,"7054261d951e23730153bf812fdeb4c8","EMEB PADRE ANCHIETA","7 ANO B","7 ano","anos finais","M",13,"Branca","Rural",NA,"P945","Controle",NA,31,30,30,32,90,2,0,88,452,2,0,450,6,150,0,0,150,452,2,0,450,7,3.88888888888889,4.55555555555556,4.11111111111111,4.66666666666667,3.77777777777778,2.66666666666667,3.44444444444445,3.55555555555555,-1,2,60,62,0,0,1,0.666666666666667,0.555555555555556,-1.11111111111111,0.111111111111111,"4th quintile","2nd quintile","3rd quintile","3rd quintile","3rd quintile","3rd quintile","3rd quintile","2nd quintile","3rd quintile","4th quintile","4th quintile"
"71d990763c62e601a1b2158df4d6161a",64,"71d990763c62e601a1b2158df4d6161a","EMEB PROFESSOR RICARDO VIEIRA DE LIMA","9 ANO C","9 ano","anos finais","M",14,NA,NA,NA,"P2390","Controle",NA,36,19,39,41,84,NA,NA,84,NA,NA,NA,NA,5,139,NA,NA,139,452,NA,NA,452,4,3.125,3.33333333333333,3.44444444444445,3.22222222222222,3.55555555555555,3.44444444444445,3.44444444444445,3.66666666666667,-17,2,55,55,NA,NA,-1,0.208333333333334,-0.222222222222222,-0.111111111111111,0.222222222222222,"5th quintile","3rd quintile","2nd quintile",NA,NA,"2nd quintile",NA,NA,NA,NA,"3rd quintile"
"73848bce9e4a6ca2f579d1e1a1a26a52",65,"73848bce9e4a6ca2f579d1e1a1a26a52","EMEB PROFESSORA MARIA QUEIROZ FERRO","7 ANO C","7 ano","anos finais","F",14,NA,NA,NA,"P3014","Controle",NA,19,18,36,14,99,5,NA,55,NA,NA,NA,NA,7,NA,NA,NA,NA,NA,NA,NA,NA,0,3.55555555555555,3.55555555555555,3.88888888888889,2.875,4,3.55555555555555,3.55555555555555,3.375,-1,-22,NA,NA,NA,NA,-7,0,-1.01388888888889,-0.444444444444445,-0.180555555555555,"2nd quintile","3rd quintile","4th quintile","5th quintile",NA,"1st quintile",NA,NA,NA,NA,"5th quintile"
"74a50e56f8c519e5841466a6826107ff",66,"74a50e56f8c519e5841466a6826107ff","EMEF PADRE JOSE DOS SANTOS MOUSINHO","6 B","6 ano","anos finais","F",11,NA,NA,NA,"P3511","Controle",NA,13,20,30,42,139,2,0,137,452,6,0,446,8,158,2,0,156,452,3,0,449,6,3.22222222222222,3.11111111111111,4.11111111111111,3.44444444444445,4.11111111111111,3.88888888888889,3.33333333333333,3.55555555555555,7,12,19,19,0,3,-2,-0.111111111111111,-0.666666666666666,-0.222222222222222,0.222222222222222,"1st quintile","2nd quintile","5th quintile","3rd quintile","3rd quintile","5th quintile","3rd quintile","4th quintile","3rd quintile","3rd quintile","5th quintile"
"7ca36570d7d0f8b77276af5d52f6ed8e",67,"7ca36570d7d0f8b77276af5d52f6ed8e","EMEF PADRE JOSE DOS SANTOS MOUSINHO","7 B","7 ano","anos finais","F",12,NA,"Rural",NA,"P3578","Controle",NA,28,23,20,29,62,5,0,57,452,20,0,432,3,102,4,0,98,452,7,0,445,3,3.66666666666667,3.66666666666667,3.88888888888889,3.11111111111111,NA,3,3.11111111111111,3.55555555555555,-5,9,40,41,0,13,0,0,-0.777777777777778,NA,0.444444444444444,"3rd quintile","2nd quintile","1st quintile","5th quintile","3rd quintile","1st quintile","3rd quintile","5th quintile","3rd quintile","1st quintile","2nd quintile"
"7ec05e293db3ec873663bd22e58ac7e4",68,"7ec05e293db3ec873663bd22e58ac7e4","EMEB PROFESSORA MARIA QUEIROZ FERRO","9 ANO A","9 ano","anos finais","M",14,NA,NA,NA,"P3234","Experimental",NA,28,26,29,18,76,2,NA,74,NA,NA,NA,NA,4,NA,NA,NA,NA,NA,NA,NA,NA,0,NA,2.88888888888889,NA,3.11111111111111,NA,2.66666666666667,NA,NA,-2,-11,NA,NA,NA,NA,-4,NA,NA,NA,NA,"3rd quintile","2nd quintile","2nd quintile","3rd quintile",NA,"2nd quintile",NA,NA,NA,NA,"3rd quintile"
"80348a81c83639e799a8f037f5ae89d9",69,"80348a81c83639e799a8f037f5ae89d9","EMEB NATANAEL DA SILVA","9 ANO B","9 ano","anos finais","M",14,"Branca","Rural",NA,"P625","Controle",NA,30,33,46,37,92,0,1,91,452,0,1,451,7,110,3,0,107,452,3,0,449,8,NA,3.77777777777778,NA,3.33333333333333,NA,4.11111111111111,NA,3.44444444444445,3,-9,18,16,0,-2,1,NA,NA,NA,NA,"4th quintile","4th quintile","3rd quintile","2nd quintile","5th quintile","3rd quintile","3rd quintile","1st quintile","4th quintile","5th quintile","5th quintile"
"8459a6b181606e463650bab3e3379bc3",70,"8459a6b181606e463650bab3e3379bc3","EMEB NATANAEL DA SILVA","7 ANO A","7 ano","anos finais","M",12,"Parda","Rural",NA,"P512","Experimental",NA,23,22,28,21,66,0,0,66,NA,NA,NA,NA,0,93,2,0,91,452,16,0,136,6,3.33333333333333,1.88888888888889,3.77777777777778,3.77777777777778,3.22222222222222,2.55555555555555,3.11111111111111,2.55555555555555,-1,-7,27,25,NA,NA,6,-1.44444444444445,0,-0.666666666666667,-0.555555555555556,"3rd quintile","2nd quintile","1st quintile","2nd quintile","3rd quintile","1st quintile",NA,NA,NA,NA,"1st quintile"
"8531348f1c2e4f96a5f8c0ef8a363d86",72,"8531348f1c2e4f96a5f8c0ef8a363d86","EMEB PADRE ANCHIETA","7 ANO B","7 ano","anos finais","F",12,"Parda","Rural",NA,"P960","Controle",NA,29,29,37,37,NA,NA,NA,NA,NA,NA,NA,NA,0,88,0,0,88,452,1,0,451,7,3.33333333333333,4.77777777777778,2.44444444444445,4.22222222222222,3.22222222222222,4.77777777777778,2.88888888888889,3.22222222222222,0,0,NA,NA,NA,NA,7,1.44444444444444,1.77777777777778,1.55555555555555,0.333333333333333,"3rd quintile","3rd quintile",NA,NA,NA,NA,NA,NA,NA,NA,"1st quintile"
"863eb0b865e1fd40162f72715c9d1a57",73,"863eb0b865e1fd40162f72715c9d1a57","EMEB PADRE ANCHIETA","9 ANO A","9 ano","anos finais","F",14,"Parda",NA,NA,"P1107","Controle",NA,35,17,33,33,95,3,0,92,452,7,0,445,5,111,0,0,111,452,0,0,452,6,3,NA,3.66666666666667,NA,3.55555555555555,NA,2.44444444444445,NA,-18,0,16,19,0,7,1,NA,NA,NA,NA,"5th quintile","3rd quintile","3rd quintile","4th quintile","3rd quintile","3rd quintile","3rd quintile","4th quintile","3rd quintile","2nd quintile","3rd quintile"
"89cf0c3b3ec79ba1acb29eb4eaccb047",74,"89cf0c3b3ec79ba1acb29eb4eaccb047","EMEB NATANAEL DA SILVA","9 ANO B","9 ano","anos finais","M",14,"Branca","Rural",NA,"P612","Controle",NA,25,29,44,43,121,1,0,120,452,1,0,451,3,129,1,0,128,452,1,0,451,7,4.22222222222222,4.22222222222222,4.44444444444444,3.66666666666667,4.22222222222222,3.88888888888889,4.11111111111111,3.22222222222222,4,-1,8,8,0,0,4,0,-0.777777777777778,-0.333333333333333,-0.888888888888888,"3rd quintile","4th quintile","5th quintile","3rd quintile","3rd quintile","5th quintile","3rd quintile","1st quintile","3rd quintile","5th quintile","2nd quintile"
"8c6b886ba422077ed71a5b4dc4b05c03",75,"8c6b886ba422077ed71a5b4dc4b05c03","EMEB PROFESSOR RICARDO VIEIRA DE LIMA","6 ANO D","6 ano","anos finais","F",11,"Parda","Urbana",NA,"P1728","Controle",NA,28,23,32,34,99,NA,NA,99,NA,NA,NA,NA,4,151,NA,NA,151,452,NA,NA,452,4,3.55555555555555,4.11111111111111,4,3.11111111111111,3.33333333333333,3.88888888888889,4.66666666666667,3.625,-5,2,52,52,NA,NA,0,0.555555555555555,-0.888888888888889,0.555555555555555,-1.04166666666667,"3rd quintile","3rd quintile","4th quintile",NA,NA,"4th quintile",NA,NA,NA,NA,"3rd quintile"
"9088fea47f8997e6e1cd2b8e54b9a75e",76,"9088fea47f8997e6e1cd2b8e54b9a75e","EMEB NATANAEL DA SILVA","7 ANO A","7 ano","anos finais","F",12,"Indígena","Rural",NA,"P516","Controle",NA,26,27,34,28,154,0,0,154,452,0,0,452,5,147,1,0,147,452,0,0,452,5,3.55555555555555,NA,NA,NA,3.22222222222222,NA,NA,NA,1,-6,-7,-7,0,0,0,NA,NA,NA,NA,"3rd quintile","3rd quintile","5th quintile","2nd quintile","3rd quintile","5th quintile","3rd quintile","1st quintile","3rd quintile","5th quintile","3rd quintile"
"911d9921e20bcb8c4742fd8254fbc0bd",77,"911d9921e20bcb8c4742fd8254fbc0bd","EMEB PADRE ANCHIETA","8 ANO A","8 ano","anos finais","M",13,NA,NA,NA,"P1000","Experimental",NA,30,33,37,1,117,2,0,115,452,2,0,450,7,117,1,0,116,452,2,0,450,7,3.66666666666667,NA,2.77777777777778,NA,4.11111111111111,NA,3.125,NA,3,-36,0,1,0,0,0,NA,NA,NA,NA,"4th quintile","3rd quintile","5th quintile","3rd quintile","3rd quintile","5th quintile","3rd quintile","2nd quintile","3rd quintile","4th quintile","5th quintile"
"9134de0a812f7ee8f0210e1552403d8e",78,"9134de0a812f7ee8f0210e1552403d8e","EMEF PADRE JOSE DOS SANTOS MOUSINHO","9 B","9 ano","anos finais","M",18,"Parda","Rural",NA,"P3721","Controle",NA,29,20,37,50,72,3,0,69,452,4,4,448,1,67,2,0,65,452,3,0,449,2,4.11111111111111,3.66666666666667,4.11111111111111,3.55555555555555,4.125,3.55555555555555,4.25,3.55555555555555,-9,13,-5,-4,0,1,1,-0.444444444444444,-0.555555555555555,-0.569444444444445,-0.694444444444445,"3rd quintile","3rd quintile","2nd quintile","4th quintile","3rd quintile","2nd quintile","3rd quintile","3rd quintile","5th quintile","3rd quintile","1st quintile"
"9658aac2811407226af0a8239b09bbad",79,"9658aac2811407226af0a8239b09bbad","EMEB PROFESSORA MARIA QUEIROZ FERRO","7 ANO F","7 ano","anos finais","M",13,"Parda","Rural",NA,"P3092","Experimental",NA,24,21,24,22,99,3,NA,96,NA,NA,NA,NA,2,NA,NA,NA,NA,NA,NA,NA,NA,0,NA,NA,4.22222222222222,NA,4.22222222222222,NA,4.11111111111111,NA,-3,-2,NA,NA,NA,NA,-2,NA,NA,NA,NA,"3rd quintile","2nd quintile","4th quintile","4th quintile",NA,"4th quintile",NA,NA,NA,NA,"1st quintile"
"98d1e64ae3d14470c2258df17ae02c1f",80,"98d1e64ae3d14470c2258df17ae02c1f","EMEB NATANAEL DA SILVA","7 ANO A","7 ano","anos finais","F",12,"Parda","Rural",NA,"P510","Controle",NA,35,36,37,34,120,0,0,120,452,1,0,451,6,187,3,0,184,452,7,0,445,8,3.66666666666667,3.11111111111111,2.88888888888889,2.44444444444445,3.22222222222222,4.55555555555556,3.55555555555555,4.44444444444444,1,-3,67,64,0,-6,2,-0.555555555555555,-0.444444444444444,1.33333333333333,0.888888888888889,"5th quintile","3rd quintile","5th quintile","2nd quintile","3rd quintile","5th quintile","3rd quintile","1st quintile","3rd quintile","5th quintile","4th quintile"
"99226415dd4db8a230e0c808a7aa9da9",82,"99226415dd4db8a230e0c808a7aa9da9","EMEB NATANAEL DA SILVA","9 ANO B","9 ano","anos finais","M",14,"Indígena","Rural",NA,"P626","Experimental",NA,24,25,37,15,99,4,1,94,452,4,1,448,5,112,1,0,111,452,1,0,451,8,3.55555555555555,3.44444444444445,3.55555555555555,3.44444444444445,3.55555555555555,3.44444444444445,3.375,3.44444444444445,1,-22,13,17,0,3,3,-0.111111111111111,-0.111111111111111,-0.111111111111111,0.0694444444444446,"3rd quintile","3rd quintile","4th quintile","5th quintile","5th quintile","3rd quintile","3rd quintile","3rd quintile","4th quintile","3rd quintile","3rd quintile"
"9923718e8f79a9ebfbee8ecd716a55af",83,"9923718e8f79a9ebfbee8ecd716a55af","EMEB PROFESSOR RICARDO VIEIRA DE LIMA","8 ANO E","8 ano","anos finais","M",15,NA,NA,NA,"P2209","Controle",NA,17,22,20,13,109,1,NA,108,NA,NA,NA,NA,5,171,NA,NA,171,452,NA,NA,452,6,NA,NA,NA,NA,NA,NA,NA,NA,5,-7,62,63,NA,NA,1,NA,NA,NA,NA,"2nd quintile","2nd quintile","4th quintile","3rd quintile",NA,"4th quintile",NA,NA,NA,NA,"3rd quintile"
"997b2867ed832ce5acc5318c958e1c15",84,"997b2867ed832ce5acc5318c958e1c15","EMEB PROFESSOR RICARDO VIEIRA DE LIMA","9 ANO C","9 ano","anos finais","F",15,NA,NA,NA,"P2402","Experimental",NA,24,40,27,19,102,NA,NA,101,NA,NA,NA,NA,4,139,NA,NA,139,452,NA,NA,452,5,2.77777777777778,3.55555555555555,2.66666666666667,3.33333333333333,2.66666666666667,3.66666666666667,2.66666666666667,3.55555555555555,16,-8,37,38,NA,NA,1,0.777777777777778,0.666666666666667,1,0.888888888888889,"3rd quintile","2nd quintile","4th quintile",NA,NA,"4th quintile",NA,NA,NA,NA,"3rd quintile"
"99ead74a3dce073115fad337a7bbdb7f",86,"99ead74a3dce073115fad337a7bbdb7f","EMEB PROFESSOR RICARDO VIEIRA DE LIMA","8 ANO E","8 ano","anos finais","M",13,"Parda",NA,NA,"P2239","Controle",NA,19,33,35,37,118,NA,NA,118,NA,NA,NA,NA,4,136,NA,NA,136,452,NA,NA,452,5,NA,3.33333333333333,NA,3.33333333333333,NA,3.22222222222222,NA,3.44444444444445,14,2,18,18,NA,NA,1,NA,NA,NA,NA,"2nd quintile","3rd quintile","5th quintile",NA,NA,"5th quintile",NA,NA,NA,NA,"3rd quintile"
"9c214cb224b43feaacf6710ee046933e",87,"9c214cb224b43feaacf6710ee046933e","EMEF PADRE JOSE DOS SANTOS MOUSINHO","7 B","7 ano","anos finais","M",12,"Parda",NA,NA,"P3566","Controle",NA,23,15,27,41,106,4,0,102,452,12,1,440,3,101,2,0,99,452,4,0,448,5,3.44444444444445,3.11111111111111,3.44444444444445,3.11111111111111,4,3.11111111111111,3.66666666666667,3.66666666666667,-8,14,-5,-3,0,8,2,-0.333333333333333,-0.333333333333333,-0.888888888888889,0,"3rd quintile","2nd quintile","4th quintile","5th quintile","3rd quintile","4th quintile","3rd quintile","5th quintile","4th quintile","2nd quintile","2nd quintile"
"9d043adc79b8cddfcb20e7ba4789cb6d",88,"9d043adc79b8cddfcb20e7ba4789cb6d","EMEB NATANAEL DA SILVA","6 ANO A","6 ano","anos finais","F",11,"Parda","Rural",NA,"P459","Experimental",NA,11,19,32,27,90,1,0,89,452,1,0,451,4,117,2,0,115,452,2,0,450,8,3.22222222222222,NA,2.66666666666667,NA,2.77777777777778,NA,2.44444444444445,NA,8,-5,27,26,0,-1,4,NA,NA,NA,NA,"1st quintile","3rd quintile","3rd quintile","3rd quintile","3rd quintile","3rd quintile","3rd quintile","1st quintile","3rd quintile","5th quintile","3rd quintile"
"9f245ce3f4627920fc635d0a8386abc6",89,"9f245ce3f4627920fc635d0a8386abc6","EMEB PADRE ANCHIETA","9 ANO A","9 ano","anos finais","M",16,NA,NA,NA,"P1091","Controle",NA,21,14,34,45,58,2,0,56,436,5,16,431,4,68,0,2,98,446,4,6,436,5,3.55555555555555,3.44444444444445,3.11111111111111,3.22222222222222,3.77777777777778,2.88888888888889,2.88888888888889,3,-7,11,10,42,10,5,1,-0.111111111111111,0.111111111111111,-0.888888888888889,0.111111111111111,"2nd quintile","3rd quintile","1st quintile","3rd quintile","3rd quintile","1st quintile","1st quintile","3rd quintile","5th quintile","1st quintile","3rd quintile"
"a000fbc48747d3c4a4668c03316e75dc",90,"a000fbc48747d3c4a4668c03316e75dc","EMEB NATANAEL DA SILVA","9 ANO B","9 ano","anos finais","F",15,"Indígena","Rural",NA,"P620","Controle",NA,31,32,41,25,101,2,0,99,452,3,0,449,4,117,1,1,115,452,2,1,449,5,3.77777777777778,NA,3.44444444444445,NA,4.66666666666667,NA,4.11111111111111,NA,1,-16,16,16,0,0,1,NA,NA,NA,NA,"4th quintile","3rd quintile","4th quintile","3rd quintile","3rd quintile","4th quintile","3rd quintile","3rd quintile","3rd quintile","3rd quintile","3rd quintile"
"a09ec184ccf6e50741e92d04a445bb86",91,"a09ec184ccf6e50741e92d04a445bb86","EMEB PROFESSORA MARIA QUEIROZ FERRO","7 ANO C","7 ano","anos finais","F",13,NA,"Rural",NA,"P3013","Experimental",NA,25,28,33,26,76,2,NA,74,NA,NA,NA,NA,5,NA,NA,NA,NA,NA,NA,NA,NA,0,2.88888888888889,2.66666666666667,2.66666666666667,2,2.88888888888889,2.55555555555555,3.11111111111111,2.44444444444445,3,-7,NA,NA,NA,NA,-5,-0.222222222222222,-0.666666666666667,-0.333333333333333,-0.666666666666667,"3rd quintile","3rd quintile","2nd quintile","3rd quintile",NA,"2nd quintile",NA,NA,NA,NA,"3rd quintile"
"a129ded1da83275de91f6684c6afedcb",92,"a129ded1da83275de91f6684c6afedcb","EMEF PADRE JOSE DOS SANTOS MOUSINHO","7 B","7 ano","anos finais","M",12,"Indígena","Rural",NA,"P3581","Controle",NA,24,25,39,NA,96,7,1,89,452,28,1,424,4,92,4,2,88,452,12,3,440,5,3.22222222222222,NA,3.77777777777778,NA,4.22222222222222,NA,3.22222222222222,NA,1,NA,-4,-1,0,16,1,NA,NA,NA,NA,"3rd quintile","3rd quintile","4th quintile","5th quintile","5th quintile","3rd quintile","3rd quintile","5th quintile","4th quintile","1st quintile","3rd quintile"
"a1a7d09aa419284a7178cfdfaa49e78b",93,"a1a7d09aa419284a7178cfdfaa49e78b","EMEB PROFESSOR RICARDO VIEIRA DE LIMA","8 ANO E","8 ano","anos finais","M",13,NA,"Urbana",NA,"P2211","Controle",NA,7,18,27,28,83,1,NA,82,NA,NA,NA,NA,5,135,NA,NA,135,452,NA,NA,452,5,2.77777777777778,NA,2.77777777777778,NA,2.66666666666667,NA,2.77777777777778,NA,11,1,52,53,NA,NA,0,NA,NA,NA,NA,"1st quintile","2nd quintile","2nd quintile","3rd quintile",NA,"2nd quintile",NA,NA,NA,NA,"3rd quintile"
"a419012d586198c26877d00bfbdd00fe",94,"a419012d586198c26877d00bfbdd00fe","EMEF PADRE JOSE DOS SANTOS MOUSINHO","6 B","6 ano","anos finais","M",12,"Branca","Rural",NA,"P3508","Controle",NA,29,22,29,36,93,2,0,91,452,12,2,440,6,114,2,0,112,452,8,0,444,7,2.77777777777778,3.55555555555555,3,2.44444444444445,3,3.55555555555555,2.77777777777778,2.44444444444445,-7,7,21,21,0,4,1,0.777777777777778,-0.555555555555555,0.555555555555555,-0.333333333333333,"3rd quintile","2nd quintile","3rd quintile","3rd quintile","3rd quintile","3rd quintile","3rd quintile","5th quintile","4th quintile","2nd quintile","4th quintile"
"a746a2a5ba57786caee025f753bca9d5",95,"a746a2a5ba57786caee025f753bca9d5","EMEB NATANAEL DA SILVA","6 ANO A","6 ano","anos finais","F",11,"Parda","Rural",NA,"P458","Controle",NA,19,17,33,42,99,0,0,99,452,1,0,451,6,129,1,0,128,452,3,0,449,5,3.33333333333333,3.33333333333333,3.66666666666667,3.22222222222222,3.55555555555555,3.33333333333333,3.11111111111111,3.44444444444445,-2,9,30,29,0,-2,-1,0,-0.444444444444444,-0.222222222222222,0.333333333333333,"2nd quintile","3rd quintile","4th quintile","2nd quintile","3rd quintile","4th quintile","3rd quintile","1st quintile","3rd quintile","5th quintile","4th quintile"
"a9189480daaa7fb53b71585d0d7c278f",96,"a9189480daaa7fb53b71585d0d7c278f","EMEB PADRE ANCHIETA","7 ANO B","7 ano","anos finais","F",12,"Parda","Rural",NA,"P952","Controle",NA,23,28,30,30,NA,NA,NA,NA,NA,NA,NA,NA,0,91,2,0,89,452,10,0,442,5,3.22222222222222,4,3.625,3.44444444444445,3.22222222222222,4,3.11111111111111,3.11111111111111,5,0,NA,NA,NA,NA,5,0.777777777777778,-0.180555555555555,0.777777777777778,0,"3rd quintile","2nd quintile",NA,NA,NA,NA,NA,NA,NA,NA,"1st quintile"
"ab87968d6779b2a4d0aba0ae97ad4867",97,"ab87968d6779b2a4d0aba0ae97ad4867","EMEB PADRE ANCHIETA","6 ANO A","6 ano","anos finais","M",12,NA,NA,NA,"P813","Controle",NA,23,23,30,40,99,1,0,98,452,2,0,450,4,110,0,0,110,452,0,0,452,8,3.22222222222222,3.55555555555555,3.22222222222222,3.5,3.22222222222222,3.44444444444445,3.33333333333333,3.44444444444445,0,10,11,12,0,2,4,0.333333333333333,0.277777777777778,0.222222222222222,0.111111111111111,"3rd quintile","2nd quintile","4th quintile","3rd quintile","3rd quintile","4th quintile","3rd quintile","2nd quintile","3rd quintile","4th quintile","3rd quintile"
"aef6c1ecca36d2ad12ee17e83305e41d",98,"aef6c1ecca36d2ad12ee17e83305e41d","EMEB NATANAEL DA SILVA","9 ANO B","9 ano","anos finais","M",15,"Parda","Rural",NA,"P622","Experimental",NA,19,21,19,40,68,3,0,65,NA,NA,NA,NA,0,101,2,0,99,452,2,0,450,6,3.22222222222222,2.66666666666667,3.22222222222222,2.66666666666667,3.22222222222222,2.66666666666667,3.11111111111111,2.66666666666667,2,21,33,34,NA,NA,6,-0.555555555555556,-0.555555555555556,-0.555555555555556,-0.444444444444445,"2nd quintile","2nd quintile","2nd quintile","4th quintile","3rd quintile","1st quintile",NA,NA,NA,NA,"1st quintile"
"af0fc273823487728e29af219d5d78c4",99,"af0fc273823487728e29af219d5d78c4","EMEB NATANAEL DA SILVA","6 ANO A","6 ano","anos finais","M",12,"Parda","Rural",NA,"P445","Controle",NA,27,26,37,19,94,0,1,93,452,0,1,451,7,85,1,0,84,452,1,0,451,8,3.44444444444445,NA,NA,3.33333333333333,3.44444444444445,3.22222222222222,3.55555555555555,3.44444444444445,-1,-18,-9,-9,0,0,1,NA,NA,-0.222222222222222,-0.111111111111111,"3rd quintile","3rd quintile","3rd quintile","2nd quintile","5th quintile","3rd quintile","3rd quintile","1st quintile","4th quintile","5th quintile","5th quintile"
"b0b95f006491bab78b1b944657bb281d",101,"b0b95f006491bab78b1b944657bb281d","EMEB PROFESSORA MARIA QUEIROZ FERRO","8 ANO B","8 ano","anos finais","M",17,"Parda","Rural",NA,"P3160","Controle",NA,21,19,39,30,96,2,NA,94,NA,NA,NA,NA,2,NA,NA,NA,NA,NA,NA,NA,NA,0,3.88888888888889,3.33333333333333,4,3.11111111111111,3.88888888888889,3.33333333333333,3.66666666666667,3.11111111111111,-2,-9,NA,NA,NA,NA,-2,-0.555555555555555,-0.888888888888889,-0.555555555555555,-0.555555555555555,"2nd quintile","3rd quintile","4th quintile","3rd quintile",NA,"3rd quintile",NA,NA,NA,NA,"1st quintile"
"b2481f02d43b965c55a7fce1682caa62",102,"b2481f02d43b965c55a7fce1682caa62","EMEB PROFESSORA MARIA QUEIROZ FERRO","8 ANO B","8 ano","anos finais","F",13,NA,"Urbana",NA,"P3153","Controle",NA,14,20,31,32,113,3,NA,110,NA,NA,NA,NA,3,NA,NA,NA,NA,NA,NA,NA,NA,0,3.44444444444445,3,3.22222222222222,3,3.44444444444445,3,NA,2.66666666666667,6,1,NA,NA,NA,NA,-3,-0.444444444444445,-0.222222222222222,-0.444444444444445,NA,"1st quintile","2nd quintile","5th quintile","4th quintile",NA,"4th quintile",NA,NA,NA,NA,"2nd quintile"
"b34e060e2960ea4219d2ce61666d3ff3",103,"b34e060e2960ea4219d2ce61666d3ff3","EMEB PROFESSORA MARIA QUEIROZ FERRO","9 ANO A","9 ano","anos finais","F",14,"Parda","Urbana",NA,"P3239","Experimental",NA,26,18,30,25,91,3,NA,88,NA,NA,NA,NA,4,NA,NA,NA,NA,NA,NA,NA,NA,0,3.55555555555555,3.77777777777778,3,2.77777777777778,3.33333333333333,2.88888888888889,3,NA,-8,-5,NA,NA,NA,NA,-4,0.222222222222222,-0.222222222222222,-0.444444444444445,NA,"3rd quintile","2nd quintile","3rd quintile","4th quintile",NA,"3rd quintile",NA,NA,NA,NA,"3rd quintile"
"b9a308a98651feac231d4e6e93856a56",104,"b9a308a98651feac231d4e6e93856a56","EMEB PROFESSOR RICARDO VIEIRA DE LIMA","6 ANO E","6 ano","anos finais","M",11,NA,"Rural",NA,"P1768","Experimental",NA,30,25,38,NA,114,2,NA,112,NA,NA,NA,NA,3,184,NA,NA,184,452,NA,NA,452,4,4.22222222222222,3.11111111111111,3.77777777777778,2.55555555555555,4.33333333333333,3.33333333333333,4.33333333333333,2.88888888888889,-5,NA,70,72,NA,NA,1,-1.11111111111111,-1.22222222222222,-1,-1.44444444444444,"4th quintile","3rd quintile","5th quintile","3rd quintile",NA,"5th quintile",NA,NA,NA,NA,"2nd quintile"
"ba500822479ac0d3093ece4f68a11e58",105,"ba500822479ac0d3093ece4f68a11e58","EMEB PADRE ANCHIETA","7 ANO B","7 ano","anos finais","M",13,NA,"Rural",NA,"P950","Experimental",NA,26,32,26,NA,90,0,0,90,452,2,0,450,4,93,0,0,93,452,0,0,452,7,2.77777777777778,3.55555555555555,3.22222222222222,3.33333333333333,2.88888888888889,3.88888888888889,2.77777777777778,4,6,NA,3,3,0,2,3,0.777777777777778,0.111111111111111,1,1.22222222222222,"3rd quintile","2nd quintile","3rd quintile","2nd quintile","3rd quintile","3rd quintile","3rd quintile","2nd quintile","3rd quintile","4th quintile","3rd quintile"
"bcc8e89ae297dae2db00dc3ed755c77e",106,"bcc8e89ae297dae2db00dc3ed755c77e","EMEB PROFESSOR RICARDO VIEIRA DE LIMA","6 ANO D","6 ano","anos finais","F",11,NA,"Urbana",NA,"P1729","Controle",NA,19,16,28,24,48,1,NA,47,NA,NA,NA,NA,3,88,1,NA,87,NA,NA,NA,NA,1,3.22222222222222,4.33333333333333,3.22222222222222,4.33333333333333,3.22222222222222,4.33333333333333,3.22222222222222,4.33333333333333,-3,-4,40,40,NA,NA,-2,1.11111111111111,1.11111111111111,1.11111111111111,1.11111111111111,"2nd quintile","2nd quintile","1st quintile","3rd quintile",NA,"1st quintile",NA,NA,NA,NA,"2nd quintile"
"c42df687f2141ad981c122750cabe5fb",108,"c42df687f2141ad981c122750cabe5fb","EMEB PROFESSOR RICARDO VIEIRA DE LIMA","6 ANO D","6 ano","anos finais","F",11,NA,"Rural",NA,"P1698","Experimental",NA,20,23,32,27,68,NA,NA,68,NA,NA,NA,NA,5,145,1,NA,144,451,1,NA,450,5,3.11111111111111,4,3.11111111111111,2.88888888888889,1.88888888888889,3.33333333333333,3.22222222222222,3.25,3,-5,77,76,NA,NA,0,0.888888888888889,-0.222222222222222,1.44444444444445,0.0277777777777777,"2nd quintile","3rd quintile","2nd quintile",NA,NA,"2nd quintile",NA,NA,NA,NA,"3rd quintile"
"c56bcfc3b986fa25b7aba25e1c811a11",109,"c56bcfc3b986fa25b7aba25e1c811a11","EMEB NATANAEL DA SILVA","7 ANO A","7 ano","anos finais","F",12,"Parda","Rural",NA,"P522","Controle",NA,20,22,36,17,54,0,2,52,NA,NA,NA,NA,0,99,5,3,91,452,12,6,436,4,2.75,3.33333333333333,2.77777777777778,3.77777777777778,2.55555555555555,3.88888888888889,3,3.55555555555555,2,-19,45,39,NA,NA,4,0.583333333333333,1,1.33333333333333,0.555555555555555,"2nd quintile","3rd quintile","1st quintile","2nd quintile","5th quintile","1st quintile",NA,NA,NA,NA,"1st quintile"
"c6047e849fb9cae186280873ae8c427e",110,"c6047e849fb9cae186280873ae8c427e","EMEB PADRE ANCHIETA","7 ANO B","7 ano","anos finais","M",14,"Parda","Rural",NA,"P947","Controle",NA,23,26,26,NA,82,1,0,81,446,3,6,443,7,88,1,1,86,451,1,1,450,6,3.77777777777778,3.33333333333333,3.55555555555555,3.66666666666667,3.66666666666667,3.33333333333333,3.22222222222222,3.55555555555555,3,NA,6,5,5,7,-1,-0.444444444444444,0.111111111111111,-0.333333333333333,0.333333333333333,"3rd quintile","2nd quintile","2nd quintile","3rd quintile","3rd quintile","2nd quintile","1st quintile","3rd quintile","5th quintile","2nd quintile","5th quintile"
"c638953785a5b3504e5fc74403d1de1c",111,"c638953785a5b3504e5fc74403d1de1c","EMEB PADRE ANCHIETA","7 ANO B","7 ano","anos finais","M",12,"Parda","Rural",NA,"P958","Experimental",NA,39,39,33,NA,80,1,0,79,452,2,0,450,7,99,0,0,99,452,0,0,452,9,4.33333333333333,4.44444444444444,4.22222222222222,4.33333333333333,4.11111111111111,4.11111111111111,4.55555555555556,3.66666666666667,0,NA,19,20,0,2,2,0.111111111111112,0.111111111111111,0,-0.888888888888889,"5th quintile","3rd quintile","2nd quintile","3rd quintile","3rd quintile","2nd quintile","3rd quintile","2nd quintile","3rd quintile","4th quintile","5th quintile"
"c8476e60479d68632b79943e86eb6062",112,"c8476e60479d68632b79943e86eb6062","EMEB PADRE ANCHIETA","8 ANO A","8 ano","anos finais","F",13,"Parda",NA,NA,"P1016","Controle",NA,35,23,39,29,NA,NA,NA,NA,NA,NA,NA,NA,0,91,0,0,91,452,2,0,450,5,3.22222222222222,3.44444444444445,3.33333333333333,2.88888888888889,3.11111111111111,3.66666666666667,3,3.55555555555555,-12,-10,NA,NA,NA,NA,5,0.222222222222222,-0.444444444444445,0.555555555555555,0.555555555555555,"5th quintile","3rd quintile",NA,NA,NA,NA,NA,NA,NA,NA,"1st quintile"
"c891d123bae57e8c6e5135480ca222ad",113,"c891d123bae57e8c6e5135480ca222ad","EMEB PROFESSORA MARIA QUEIROZ FERRO","7 ANO F","7 ano","anos finais","F",12,"Parda","Rural",NA,"P3094","Controle",NA,19,22,25,11,47,5,NA,42,NA,NA,NA,NA,5,NA,NA,NA,NA,NA,NA,NA,NA,0,3,3.11111111111111,2.55555555555555,2.44444444444445,2.66666666666667,3,3.11111111111111,2.77777777777778,3,-14,NA,NA,NA,NA,-5,0.111111111111111,-0.111111111111111,0.333333333333333,-0.333333333333333,"2nd quintile","2nd quintile","1st quintile","5th quintile",NA,"1st quintile",NA,NA,NA,NA,"3rd quintile"
"c8960d88b38e1469f595f8799b3a7771",114,"c8960d88b38e1469f595f8799b3a7771","EMEF PADRE JOSE DOS SANTOS MOUSINHO","8 A","8 ano","anos finais","M",16,"Branca","Rural",NA,"P3598","Experimental",NA,28,35,37,44,95,3,0,92,452,9,0,443,5,110,2,0,108,452,5,0,447,8,3.77777777777778,3.33333333333333,3.44444444444445,2.66666666666667,3.44444444444445,3.22222222222222,3.44444444444445,2.11111111111111,7,7,15,16,0,4,3,-0.444444444444444,-0.777777777777778,-0.222222222222222,-1.33333333333333,"3rd quintile","3rd quintile","3rd quintile","4th quintile","3rd quintile","3rd quintile","3rd quintile","4th quintile","3rd quintile","2nd quintile","3rd quintile"
"cb4cbd007818e47eeafdb6819e335647",115,"cb4cbd007818e47eeafdb6819e335647","EMEB NATANAEL DA SILVA","6 ANO A","6 ano","anos finais","F",11,"Parda","Rural",NA,"P446","Controle",NA,26,26,25,19,95,1,0,94,452,2,0,450,5,88,1,0,87,452,5,1,446,7,4.44444444444444,4.33333333333333,4.44444444444444,4.33333333333333,4.44444444444444,4.33333333333333,4.44444444444444,4.33333333333333,0,-6,-7,-7,0,-4,2,-0.111111111111112,-0.111111111111112,-0.111111111111112,-0.111111111111112,"3rd quintile","2nd quintile","3rd quintile","3rd quintile","3rd quintile","3rd quintile","3rd quintile","2nd quintile","3rd quintile","4th quintile","3rd quintile"
"ce6d475c0dfa95f91eded4e46ce0d227",116,"ce6d475c0dfa95f91eded4e46ce0d227","EMEB PADRE ANCHIETA","8 ANO A","8 ano","anos finais","F",13,"Parda",NA,NA,"P994","Controle",NA,19,21,31,10,84,3,0,81,450,5,2,445,5,95,0,0,95,452,3,0,458,3,3,3.55555555555555,3.22222222222222,4,3.11111111111111,3.77777777777778,3.44444444444445,3.77777777777778,2,-21,11,14,2,13,-2,0.555555555555555,0.777777777777778,0.666666666666667,0.333333333333333,"2nd quintile","2nd quintile","2nd quintile","4th quintile","3rd quintile","2nd quintile","1st quintile","3rd quintile","4th quintile","2nd quintile","3rd quintile"
"ce6e64b60b324bd77c0208baab94cd20",117,"ce6e64b60b324bd77c0208baab94cd20","EMEB PROFESSORA MARIA QUEIROZ FERRO","8 ANO B","8 ano","anos finais","M",14,NA,"Rural",NA,"P3181","Controle",NA,19,28,24,17,129,2,NA,127,NA,NA,NA,NA,3,NA,NA,NA,NA,NA,NA,NA,NA,0,4,NA,4,NA,4,NA,4,NA,9,-7,NA,NA,NA,NA,-3,NA,NA,NA,NA,"2nd quintile","2nd quintile","5th quintile","3rd quintile",NA,"5th quintile",NA,NA,NA,NA,"2nd quintile"
"cef032555ae00b0f132a38783f72b151",118,"cef032555ae00b0f132a38783f72b151","EMEB PROFESSORA MARIA QUEIROZ FERRO","7 ANO D","7 ano","anos finais","F",13,NA,NA,NA,"P3055","Controle",NA,18,25,39,28,78,2,NA,76,NA,NA,NA,NA,2,NA,NA,NA,NA,NA,NA,NA,NA,0,3.22222222222222,2.88888888888889,3.33333333333333,2.88888888888889,2.77777777777778,2.55555555555555,3.22222222222222,2.44444444444445,7,-11,NA,NA,NA,NA,-2,-0.333333333333333,-0.444444444444445,-0.222222222222222,-0.777777777777778,"2nd quintile","3rd quintile","2nd quintile","3rd quintile",NA,"2nd quintile",NA,NA,NA,NA,"1st quintile"
"cef33cee2f44f989588861196119da82",119,"cef33cee2f44f989588861196119da82","EMEB PROFESSOR RICARDO VIEIRA DE LIMA","8 ANO E","8 ano","anos finais","M",13,NA,NA,NA,"P2244","Controle",NA,19,14,33,41,86,1,NA,85,NA,NA,NA,NA,8,130,NA,NA,130,452,NA,NA,452,5,3.33333333333333,2.5,3.66666666666667,2.77777777777778,3.5,2.33333333333333,3,2.22222222222222,-5,8,44,45,NA,NA,-3,-0.833333333333333,-0.888888888888889,-1.16666666666667,-0.777777777777778,"2nd quintile","3rd quintile","2nd quintile","3rd quintile",NA,"3rd quintile",NA,NA,NA,NA,"5th quintile"
"d01de7ab70863f6af0ba46d8ff4b8ce1",120,"d01de7ab70863f6af0ba46d8ff4b8ce1","EMEB PROFESSOR RICARDO VIEIRA DE LIMA","6 ANO E","6 ano","anos finais","F",11,"Branca","Rural",NA,"P1764","Controle",NA,19,14,26,36,102,1,NA,101,NA,NA,NA,NA,3,135,NA,NA,135,452,NA,NA,452,5,2.33333333333333,3.55555555555555,2.88888888888889,3.22222222222222,2.33333333333333,2.55555555555555,2.33333333333333,2.22222222222222,-5,10,33,34,NA,NA,2,1.22222222222222,0.333333333333333,0.222222222222222,-0.111111111111111,"2nd quintile","2nd quintile","4th quintile","3rd quintile",NA,"4th quintile",NA,NA,NA,NA,"2nd quintile"
"d2d78e351774f53ce01234b4c5dbc10d",121,"d2d78e351774f53ce01234b4c5dbc10d","EMEB PROFESSOR RICARDO VIEIRA DE LIMA","8 ANO E","8 ano","anos finais","M",14,NA,NA,NA,"P2247","Experimental",NA,23,21,39,37,117,1,NA,116,NA,NA,NA,NA,4,166,NA,NA,166,452,NA,NA,452,5,3.33333333333333,3,3.55555555555555,2.77777777777778,3.44444444444445,2.75,3.11111111111111,2,-2,-2,49,50,NA,NA,1,-0.333333333333333,-0.777777777777778,-0.694444444444445,-1.11111111111111,"3rd quintile","3rd quintile","5th quintile","3rd quintile",NA,"5th quintile",NA,NA,NA,NA,"3rd quintile"
"d31a68f0d45ca8610e05a477cf798603",122,"d31a68f0d45ca8610e05a477cf798603","EMEB PROFESSOR RICARDO VIEIRA DE LIMA","9 ANO C","9 ano","anos finais","M",16,NA,NA,NA,"P2377","Controle",NA,22,25,25,24,76,NA,NA,76,NA,NA,NA,NA,7,134,NA,NA,134,452,NA,NA,452,5,3.44444444444445,4,3.55555555555555,4,3.77777777777778,4,3.44444444444445,4,3,-1,58,58,NA,NA,-2,0.555555555555555,0.444444444444445,0.222222222222222,0.555555555555555,"2nd quintile","2nd quintile","2nd quintile",NA,NA,"2nd quintile",NA,NA,NA,NA,"5th quintile"
"d4aa3cf8a40fdf20559bab2fb8efa71d",123,"d4aa3cf8a40fdf20559bab2fb8efa71d","EMEF PADRE JOSE DOS SANTOS MOUSINHO","6 B","6 ano","anos finais","M",14,"Branca","Rural",NA,"P3521","Controle",NA,16,19,20,16,141,4,8,137,452,15,10,437,6,116,4,0,112,452,7,0,445,7,2.11111111111111,3.66666666666667,2.88888888888889,3.66666666666667,2.11111111111111,3,2.11111111111111,3.11111111111111,3,-4,-25,-25,0,8,1,1.55555555555555,0.777777777777778,0.888888888888889,1,"1st quintile","2nd quintile","5th quintile","5th quintile","5th quintile","5th quintile","3rd quintile","5th quintile","5th quintile","1st quintile","4th quintile"
"d5ae0861e92ecb0114b7031c3d06089a",124,"d5ae0861e92ecb0114b7031c3d06089a","EMEB PADRE ANCHIETA","8 ANO A","8 ano","anos finais","M",13,"Parda","Rural",NA,"P1004","Experimental",NA,33,30,33,NA,84,3,0,81,450,5,2,445,5,95,1,0,94,452,3,0,449,6,NA,3.11111111111111,NA,3.11111111111111,NA,3,NA,2.88888888888889,-3,NA,11,13,2,4,1,NA,NA,NA,NA,"4th quintile","3rd quintile","2nd quintile","4th quintile","3rd quintile","2nd quintile","1st quintile","3rd quintile","4th quintile","2nd quintile","3rd quintile"
"d7644d1c526b1e6986409ac490ea3480",126,"d7644d1c526b1e6986409ac490ea3480","EMEF PADRE JOSE DOS SANTOS MOUSINHO","6 B","6 ano","anos finais","F",11,NA,"Rural",NA,"P3505","Experimental",NA,26,23,35,44,95,2,0,93,452,6,0,446,5,98,1,0,97,452,4,0,448,9,3.33333333333333,4,3.11111111111111,3.33333333333333,3.66666666666667,4.11111111111111,3,3.88888888888889,-3,9,3,4,0,2,4,0.666666666666667,0.222222222222222,0.444444444444444,0.888888888888889,"3rd quintile","3rd quintile","3rd quintile","3rd quintile","3rd quintile","3rd quintile","3rd quintile","4th quintile","3rd quintile","3rd quintile","3rd quintile"
"daa1a71e245e6096ea657c3387a3b1d1",128,"daa1a71e245e6096ea657c3387a3b1d1","EMEB PROFESSORA MARIA QUEIROZ FERRO","8 ANO B","8 ano","anos finais","M",13,NA,"Urbana",NA,"P3165","Experimental",NA,33,34,33,32,99,NA,NA,99,NA,NA,NA,NA,5,NA,NA,NA,NA,NA,NA,NA,NA,0,3,NA,3.11111111111111,NA,3.66666666666667,NA,3,NA,1,-1,NA,NA,NA,NA,-5,NA,NA,NA,NA,"4th quintile","3rd quintile","4th quintile",NA,NA,"4th quintile",NA,NA,NA,NA,"3rd quintile"
"dba86ffce1a03433df810965c322b3f2",129,"dba86ffce1a03433df810965c322b3f2","EMEF PADRE JOSE DOS SANTOS MOUSINHO","6 B","6 ano","anos finais","F",13,"Parda","Rural",NA,"P3492","Controle",NA,22,20,39,25,98,1,0,97,452,5,0,447,6,93,2,0,91,452,10,0,442,5,3.55555555555555,3.77777777777778,4,3.66666666666667,3.44444444444445,3.88888888888889,3.77777777777778,3.55555555555555,-2,-14,-5,-6,0,-5,-1,0.222222222222222,-0.333333333333333,0.444444444444444,-0.222222222222222,"2nd quintile","3rd quintile","4th quintile","3rd quintile","3rd quintile","4th quintile","3rd quintile","3rd quintile","3rd quintile","3rd quintile","4th quintile"
"de593204c1590b8a504d466138fb3ded",130,"de593204c1590b8a504d466138fb3ded","EMEB PROFESSOR RICARDO VIEIRA DE LIMA","9 ANO C","9 ano","anos finais","M",14,NA,NA,NA,"P2397","Controle",NA,27,19,37,59,75,NA,NA,75,NA,NA,NA,NA,4,NA,NA,NA,NA,NA,NA,NA,NA,0,NA,2.77777777777778,NA,3.22222222222222,NA,2.55555555555555,NA,2.55555555555555,-8,22,NA,NA,NA,NA,-4,NA,NA,NA,NA,"3rd quintile","3rd quintile","2nd quintile",NA,NA,"2nd quintile",NA,NA,NA,NA,"3rd quintile"
"e324df05c3f73b433ffa2e9f266d8ac7",131,"e324df05c3f73b433ffa2e9f266d8ac7","EMEB PROFESSORA MARIA QUEIROZ FERRO","7 ANO C","7 ano","anos finais","F",13,"Parda","Urbana",NA,"P3022","Controle",NA,20,22,26,8,76,8,NA,68,NA,NA,NA,NA,2,NA,NA,NA,NA,NA,NA,NA,NA,0,3.55555555555555,2.44444444444445,3.33333333333333,3.44444444444445,3.11111111111111,3.33333333333333,3.22222222222222,3.11111111111111,2,-18,NA,NA,NA,NA,-2,-1.11111111111111,0.111111111111111,0.222222222222222,-0.111111111111111,"2nd quintile","2nd quintile","2nd quintile","5th quintile",NA,"2nd quintile",NA,NA,NA,NA,"1st quintile"
"e36c2ce0807f9c1d791b4ae0b1068302",132,"e36c2ce0807f9c1d791b4ae0b1068302","EMEB PROFESSOR RICARDO VIEIRA DE LIMA","9 ANO C","9 ano","anos finais","F",14,NA,NA,NA,"P2408","Controle",NA,26,25,36,37,68,1,NA,67,NA,NA,NA,NA,4,136,NA,NA,136,452,NA,NA,452,4,3,3.22222222222222,3.11111111111111,2.77777777777778,3.22222222222222,4,3.44444444444445,3.11111111111111,-1,1,68,69,NA,NA,0,0.222222222222222,-0.333333333333333,0.777777777777778,-0.333333333333333,"3rd quintile","3rd quintile","2nd quintile","3rd quintile",NA,"1st quintile",NA,NA,NA,NA,"3rd quintile"
"e6fbc75962fae224c77d203465dcb7ff",133,"e6fbc75962fae224c77d203465dcb7ff","EMEB NATANAEL DA SILVA","6 ANO A","6 ano","anos finais","F",12,"Parda","Rural",NA,"P460","Controle",NA,18,17,26,26,110,0,0,110,452,3,0,449,5,117,0,0,117,452,0,0,452,3,2.88888888888889,3.44444444444445,2.88888888888889,3.66666666666667,3.25,3.66666666666667,3.33333333333333,3.5,-1,0,7,7,0,3,-2,0.555555555555556,0.777777777777778,0.416666666666667,0.166666666666666,"2nd quintile","2nd quintile","4th quintile","2nd quintile","3rd quintile","4th quintile","3rd quintile","3rd quintile","3rd quintile","3rd quintile","3rd quintile"
"e9fdfd307d52ee7da76e22d709aba126",135,"e9fdfd307d52ee7da76e22d709aba126","EMEB PROFESSORA MARIA QUEIROZ FERRO","8 ANO B","8 ano","anos finais","M",13,NA,"Rural",NA,"P3167","Experimental",NA,25,19,36,30,95,3,NA,135,NA,NA,NA,NA,1,NA,NA,NA,NA,NA,NA,NA,NA,0,4.11111111111111,NA,4.11111111111111,NA,4.11111111111111,NA,4.11111111111111,NA,-6,-6,NA,NA,NA,NA,-1,NA,NA,NA,NA,"3rd quintile","3rd quintile","3rd quintile","4th quintile",NA,"5th quintile",NA,NA,NA,NA,"1st quintile"
"ea69e863a39aa7dbc812605a32afdb1c",136,"ea69e863a39aa7dbc812605a32afdb1c","EMEB PROFESSORA MARIA QUEIROZ FERRO","7 ANO F","7 ano","anos finais","M",12,"Branca","Urbana",NA,"P3093","Experimental",NA,15,16,26,NA,88,2,NA,47,NA,NA,NA,NA,2,NA,NA,NA,NA,NA,NA,NA,NA,0,3,3.44444444444445,2.55555555555555,4.25,2.88888888888889,3.66666666666667,3.11111111111111,NA,1,NA,NA,NA,NA,NA,-2,0.444444444444445,1.69444444444445,0.777777777777778,NA,"1st quintile","2nd quintile","3rd quintile","3rd quintile",NA,"1st quintile",NA,NA,NA,NA,"1st quintile"
"ee683023903fbb8130bd0b29b8e21b1b",137,"ee683023903fbb8130bd0b29b8e21b1b","EMEB PROFESSOR RICARDO VIEIRA DE LIMA","9 ANO C","9 ano","anos finais","F",14,NA,"Urbana",NA,"P2404","Controle",NA,35,31,25,39,110,1,NA,109,NA,NA,NA,NA,6,165,1,NA,164,452,1,NA,451,7,NA,3.66666666666667,NA,3.11111111111111,NA,3.88888888888889,NA,3,-4,14,55,55,NA,NA,1,NA,NA,NA,NA,"5th quintile","2nd quintile","4th quintile","3rd quintile",NA,"4th quintile",NA,NA,NA,NA,"4th quintile"
"ef41d47a43b5bd794f869125b651e82f",138,"ef41d47a43b5bd794f869125b651e82f","EMEF PADRE JOSE DOS SANTOS MOUSINHO","8 A","8 ano","anos finais","M",15,NA,"Rural",NA,"P3630","Experimental",NA,24,37,36,NA,96,4,0,92,452,12,0,440,6,130,0,0,130,452,1,0,451,7,2.33333333333333,3.77777777777778,3.11111111111111,2.22222222222222,2.77777777777778,2.33333333333333,3.11111111111111,4.44444444444444,13,NA,34,38,0,11,1,1.44444444444444,-0.888888888888889,-0.444444444444444,1.33333333333333,"3rd quintile","3rd quintile","4th quintile","5th quintile","3rd quintile","3rd quintile","3rd quintile","5th quintile","3rd quintile","2nd quintile","4th quintile"
"f1f4d84e7aae70cfc335f29d8ea35edc",139,"f1f4d84e7aae70cfc335f29d8ea35edc","EMEF PADRE JOSE DOS SANTOS MOUSINHO","9 B","9 ano","anos finais","F",14,"Parda","Rural",NA,"P3729","Controle",NA,28,35,30,48,116,4,0,112,452,13,0,439,6,101,0,0,101,452,1,0,451,7,4,4.22222222222222,3.77777777777778,4.33333333333333,4,4.22222222222222,3.66666666666667,4.33333333333333,7,18,-15,-11,0,12,1,0.222222222222222,0.555555555555555,0.222222222222222,0.666666666666667,"3rd quintile","2nd quintile","5th quintile","5th quintile","3rd quintile","5th quintile","3rd quintile","5th quintile","3rd quintile","1st quintile","4th quintile"
"fc007f027ac4fcac41b61d6d2efd2e75",141,"fc007f027ac4fcac41b61d6d2efd2e75","EMEB PADRE ANCHIETA","9 ANO A","9 ano","anos finais","M",15,"Parda",NA,NA,"P1109","Controle",NA,28,34,26,21,99,2,0,97,451,7,1,444,5,91,1,0,90,452,1,0,451,6,3.55555555555555,3.44444444444445,3.33333333333333,3.88888888888889,3.88888888888889,3.88888888888889,3.88888888888889,3.88888888888889,6,-5,-8,-7,1,7,1,-0.111111111111111,0.555555555555555,0,0,"3rd quintile","2nd quintile","4th quintile","3rd quintile","3rd quintile","4th quintile","1st quintile","4th quintile","4th quintile","2nd quintile","3rd quintile"
"fc757d6c2408de453e2b5c91e00e7174",143,"fc757d6c2408de453e2b5c91e00e7174","EMEF PADRE JOSE DOS SANTOS MOUSINHO","8 A","8 ano","anos finais","M",13,"Indígena",NA,NA,"P3627","Experimental",NA,23,26,22,33,54,4,1,50,NA,NA,NA,NA,3,67,1,0,66,452,6,0,446,7,4,4.22222222222222,4.11111111111111,4.55555555555556,4.33333333333333,4.11111111111111,4.33333333333333,4.55555555555556,3,11,13,16,NA,NA,4,0.222222222222222,0.444444444444445,-0.222222222222222,0.222222222222222,"3rd quintile","2nd quintile","1st quintile","5th quintile","5th quintile","1st quintile",NA,NA,NA,NA,"2nd quintile"
"fc8f718ae35fb99355895e73abba773c",144,"fc8f718ae35fb99355895e73abba773c","EMEB PROFESSORA MARIA QUEIROZ FERRO","7 ANO F","7 ano","anos finais","M",12,"Branca","Urbana",NA,"P3108","Controle",NA,14,18,29,29,58,NA,NA,58,NA,NA,NA,NA,0,NA,NA,NA,NA,NA,NA,NA,NA,0,3.11111111111111,2.66666666666667,3.11111111111111,NA,3.11111111111111,NA,3.11111111111111,NA,4,0,NA,NA,NA,NA,0,-0.444444444444445,NA,NA,NA,"1st quintile","2nd quintile","1st quintile",NA,NA,"1st quintile",NA,NA,NA,NA,"1st quintile"
"fd810333a5e2d183fcaeface3d420733",145,"fd810333a5e2d183fcaeface3d420733","EMEB PROFESSORA MARIA QUEIROZ FERRO","7 ANO D","7 ano","anos finais","F",13,NA,"Urbana",NA,"P3049","Experimental",NA,33,23,24,18,86,5,NA,81,NA,NA,NA,NA,6,NA,NA,NA,NA,NA,NA,NA,NA,0,NA,2.77777777777778,NA,3.66666666666667,NA,2.77777777777778,NA,NA,-10,-6,NA,NA,NA,NA,-6,NA,NA,NA,NA,"4th quintile","2nd quintile","2nd quintile","5th quintile",NA,"2nd quintile",NA,NA,NA,NA,"4th quintile"
"fe3484c7924aeb5148bcc39313ae58aa",146,"fe3484c7924aeb5148bcc39313ae58aa","EMEB PROFESSOR RICARDO VIEIRA DE LIMA","9 ANO C","9 ano","anos finais","M",14,NA,NA,NA,"P2401","Experimental",NA,29,29,40,38,94,NA,NA,94,NA,NA,NA,NA,4,139,NA,NA,139,452,NA,NA,452,3,3.88888888888889,4,3.77777777777778,4,3.33333333333333,4,3.88888888888889,4,0,-2,45,45,NA,NA,-1,0.111111111111111,0.222222222222222,0.666666666666667,0.111111111111111,"3rd quintile","3rd quintile","3rd quintile",NA,NA,"3rd quintile",NA,NA,NA,NA,"3rd quintile"
"ff9ad08df755f9839f5d065ccceb9046",147,"ff9ad08df755f9839f5d065ccceb9046","EMEF PADRE JOSE DOS SANTOS MOUSINHO","8 A","8 ano","anos finais","M",14,"Parda","Rural",NA,"P3615","Experimental",NA,7,8,22,18,79,3,3,76,452,18,6,434,6,87,4,0,83,452,10,3,442,7,3.11111111111111,2.88888888888889,2.77777777777778,2.88888888888889,4.11111111111111,2.55555555555555,3.22222222222222,3.88888888888889,1,-4,8,7,0,8,1,-0.222222222222222,0.111111111111111,-1.55555555555555,0.666666666666667,"1st quintile","2nd quintile","2nd quintile","4th quintile","5th quintile","2nd quintile","3rd quintile","5th quintile","5th quintile","1st quintile","4th quintile"
